{
    "1": {
        "recall": 0.10200948010690333,
        "precision": 0.15566537239675257,
        "ndcg": 0.0,
        "f1": 0.11791387222026119
    },
    "3": {
        "recall": 0.15368950969021566,
        "precision": 0.0895399458759854,
        "ndcg": 0.1679962327627572,
        "f1": 0.10825811440001344
    },
    "5": {
        "recall": 0.16541441850301716,
        "precision": 0.05951288386869044,
        "ndcg": 0.1692087192137903,
        "f1": 0.08434465679435678
    },
    "10": {
        "recall": 0.17475081101978385,
        "precision": 0.03215672432050829,
        "ndcg": 0.16906322986825018,
        "f1": 0.052967562880147756
    }
}