{
    "1": {
        "recall": 0.7192982456140351,
        "precision": 0.7192982456140351,
        "ndcg": 0.0,
        "f1": 0.7192982456140351
    },
    "3": {
        "recall": 0.9035087719298246,
        "precision": 0.30116959064327486,
        "ndcg": 0.8309281211466208,
        "f1": 0.4517543859649123
    },
    "5": {
        "recall": 0.9298245614035088,
        "precision": 0.18596491228070175,
        "ndcg": 0.8418772959131238,
        "f1": 0.30994152046783635
    },
    "10": {
        "recall": 0.9473684210526315,
        "precision": 0.09473684210526316,
        "ndcg": 0.8474117674356804,
        "f1": 0.17224880382775123
    }
}