{
    "1": {
        "recall": 0.195,
        "precision": 0.195,
        "ndcg": 0.0,
        "f1": 0.195
    },
    "3": {
        "recall": 0.295,
        "precision": 0.09833333333333333,
        "ndcg": 0.25220113644643016,
        "f1": 0.1475
    },
    "5": {
        "recall": 0.34,
        "precision": 0.068,
        "ndcg": 0.2709242252971501,
        "f1": 0.11333333333333336
    },
    "10": {
        "recall": 0.4,
        "precision": 0.04,
        "ndcg": 0.28989741289842125,
        "f1": 0.07272727272727274
    }
}