{
    "1": {
        "recall": 0.9433333333333334,
        "precision": 0.9433333333333334,
        "ndcg": 0.0,
        "f1": 0.9433333333333334
    },
    "3": {
        "recall": 0.9733333333333334,
        "precision": 0.32444444444444437,
        "ndcg": 0.961824793428572,
        "f1": 0.4866666666666667
    },
    "5": {
        "recall": 0.9766666666666667,
        "precision": 0.1953333333333333,
        "ndcg": 0.9631143027860207,
        "f1": 0.3255555555555556
    },
    "10": {
        "recall": 0.9866666666666667,
        "precision": 0.09866666666666665,
        "ndcg": 0.9663566429845465,
        "f1": 0.1793939393939394
    }
}