{
    "1": {
        "recall": 0.0,
        "precision": 0.0,
        "ndcg": 0.0,
        "f1": 0.0
    },
    "3": {
        "recall": 0.0,
        "precision": 0.0,
        "ndcg": 0.0,
        "f1": 0.0
    },
    "5": {
        "recall": 0.017543859649122806,
        "precision": 0.0035087719298245615,
        "ndcg": 0.007555729089006893,
        "f1": 0.0058479532163742695
    },
    "10": {
        "recall": 0.03508771929824561,
        "precision": 0.0035087719298245615,
        "ndcg": 0.013216009908532418,
        "f1": 0.006379585326953748
    }
}