{
    "1": {
        "recall": 0.027485586539592897,
        "precision": 0.04482880338863396,
        "ndcg": 0.0,
        "f1": 0.03256853747499705
    },
    "3": {
        "recall": 0.04751147193787504,
        "precision": 0.028238616307800918,
        "ndcg": 0.05961835725841676,
        "f1": 0.033828349553729015
    },
    "5": {
        "recall": 0.06113660430638898,
        "precision": 0.02244969996470173,
        "ndcg": 0.06460309105870045,
        "f1": 0.031593913009373656
    },
    "10": {
        "recall": 0.0828626897282033,
        "precision": 0.015037063183903987,
        "ndcg": 0.07096858112093243,
        "f1": 0.02478054948933876
    }
}