{
    "1": {
        "recall": 0.2543859649122807,
        "precision": 0.2543859649122807,
        "ndcg": 0.0,
        "f1": 0.2543859649122807
    },
    "3": {
        "recall": 0.42105263157894735,
        "precision": 0.14035087719298245,
        "ndcg": 0.3537983907894773,
        "f1": 0.21052631578947367
    },
    "5": {
        "recall": 0.47368421052631576,
        "precision": 0.09473684210526315,
        "ndcg": 0.37569674032248296,
        "f1": 0.15789473684210528
    },
    "10": {
        "recall": 0.5701754385964912,
        "precision": 0.05701754385964911,
        "ndcg": 0.4080662300681045,
        "f1": 0.10366826156299842
    }
}