{
    "1": {
        "recall": 0.055,
        "precision": 0.055,
        "ndcg": 0.0,
        "f1": 0.055
    },
    "3": {
        "recall": 0.105,
        "precision": 0.035,
        "ndcg": 0.0852371901428583,
        "f1": 0.0525
    },
    "5": {
        "recall": 0.14,
        "precision": 0.028000000000000008,
        "ndcg": 0.09987263216703851,
        "f1": 0.04666666666666667
    },
    "10": {
        "recall": 0.19,
        "precision": 0.019,
        "ndcg": 0.11574664063526832,
        "f1": 0.03454545454545455
    }
}