{
    "1": {
        "recall": 0.6566666666666666,
        "precision": 0.6566666666666666,
        "ndcg": 0.0,
        "f1": 0.6566666666666666
    },
    "3": {
        "recall": 0.8066666666666666,
        "precision": 0.26888888888888884,
        "ndcg": 0.746068939559527,
        "f1": 0.4033333333333333
    },
    "5": {
        "recall": 0.8533333333333334,
        "precision": 0.17066666666666666,
        "ndcg": 0.7651446247500454,
        "f1": 0.2844444444444445
    },
    "10": {
        "recall": 0.9066666666666666,
        "precision": 0.09066666666666666,
        "ndcg": 0.7824152703171777,
        "f1": 0.16484848484848488
    }
}