{
    "1": {
        "recall": 0.0,
        "precision": 0.0,
        "ndcg": 0.0,
        "f1": 0.0
    },
    "3": {
        "recall": 0.0,
        "precision": 0.0,
        "ndcg": 0.0,
        "f1": 0.0
    },
    "5": {
        "recall": 0.008771929824561403,
        "precision": 0.0017543859649122807,
        "ndcg": 0.0037778645445034464,
        "f1": 0.0029239766081871348
    },
    "10": {
        "recall": 0.017543859649122806,
        "precision": 0.0017543859649122807,
        "ndcg": 0.006902488992819432,
        "f1": 0.003189792663476874
    }
}