{
    "1": {
        "recall": 0.06934681391088027,
        "precision": 0.10801270737733851,
        "ndcg": 0.0,
        "f1": 0.08067419696434876
    },
    "3": {
        "recall": 0.11328727749483132,
        "precision": 0.06447817390281209,
        "ndcg": 0.12932638408940075,
        "f1": 0.07857394987645604
    },
    "5": {
        "recall": 0.1303069268653455,
        "precision": 0.04624073420402401,
        "ndcg": 0.13295052853242917,
        "f1": 0.06564946016057913
    },
    "10": {
        "recall": 0.1451557326071975,
        "precision": 0.026191316625485354,
        "ndcg": 0.13569244893093343,
        "f1": 0.04322707462177158
    }
}