{
    "1": {
        "recall": 0.42105263157894735,
        "precision": 0.42105263157894735,
        "ndcg": 0.0,
        "f1": 0.42105263157894735
    },
    "3": {
        "recall": 0.543859649122807,
        "precision": 0.18128654970760233,
        "ndcg": 0.4904956866228088,
        "f1": 0.2719298245614035
    },
    "5": {
        "recall": 0.5964912280701754,
        "precision": 0.11929824561403507,
        "ndcg": 0.5120096172888071,
        "f1": 0.1988304093567252
    },
    "10": {
        "recall": 0.6491228070175439,
        "precision": 0.06491228070175438,
        "ndcg": 0.5294097115343012,
        "f1": 0.11802232854864436
    }
}