{
    "1": {
        "recall": 0.12,
        "precision": 0.12,
        "ndcg": 0.0,
        "f1": 0.12
    },
    "3": {
        "recall": 0.205,
        "precision": 0.06833333333333333,
        "ndcg": 0.1683918389107156,
        "f1": 0.1025
    },
    "5": {
        "recall": 0.24,
        "precision": 0.04800000000000001,
        "ndcg": 0.18280816218070156,
        "f1": 0.08
    },
    "10": {
        "recall": 0.3,
        "precision": 0.03,
        "ndcg": 0.20200764487325856,
        "f1": 0.05454545454545455
    }
}