{
    "1": {
        "recall": 0.8266666666666667,
        "precision": 0.8266666666666667,
        "ndcg": 0.0,
        "f1": 0.8266666666666667
    },
    "3": {
        "recall": 0.92,
        "precision": 0.30666666666666664,
        "ndcg": 0.8824984160833353,
        "f1": 0.46
    },
    "5": {
        "recall": 0.94,
        "precision": 0.18799999999999997,
        "ndcg": 0.8909658680753404,
        "f1": 0.3133333333333334
    },
    "10": {
        "recall": 0.95,
        "precision": 0.09499999999999999,
        "ndcg": 0.8942396398868484,
        "f1": 0.17272727272727276
    }
}