{
    "1": {
        "recall": 0.09081068360983645,
        "precision": 0.13872220261207202,
        "ndcg": 0.0,
        "f1": 0.10503588657489116
    },
    "3": {
        "recall": 0.13654883767838233,
        "precision": 0.07871514295799505,
        "ndcg": 0.15543682768499462,
        "f1": 0.09549694922091674
    },
    "5": {
        "recall": 0.1512623333837594,
        "precision": 0.054006353688669254,
        "ndcg": 0.15617744717973545,
        "f1": 0.0766667226956673
    },
    "10": {
        "recall": 0.16423780949019215,
        "precision": 0.029862336745499467,
        "ndcg": 0.15666428518193404,
        "f1": 0.04927518513199873
    }
}