{
    "1": {
        "recall": 0.4649122807017544,
        "precision": 0.4649122807017544,
        "ndcg": 0.0,
        "f1": 0.4649122807017544
    },
    "3": {
        "recall": 0.6578947368421053,
        "precision": 0.21929824561403508,
        "ndcg": 0.5786311079260691,
        "f1": 0.32894736842105265
    },
    "5": {
        "recall": 0.7368421052631579,
        "precision": 0.14736842105263157,
        "ndcg": 0.6122474699595926,
        "f1": 0.24561403508771937
    },
    "10": {
        "recall": 0.8508771929824561,
        "precision": 0.0850877192982456,
        "ndcg": 0.6496055576766274,
        "f1": 0.15470494417862843
    }
}