{
    "1": {
        "recall": 0.13,
        "precision": 0.13,
        "ndcg": 0.0,
        "f1": 0.13
    },
    "3": {
        "recall": 0.23,
        "precision": 0.07666666666666666,
        "ndcg": 0.1898197315178593,
        "f1": 0.115
    },
    "5": {
        "recall": 0.27,
        "precision": 0.054000000000000006,
        "ndcg": 0.206170318824018,
        "f1": 0.09000000000000002
    },
    "10": {
        "recall": 0.315,
        "precision": 0.0315,
        "ndcg": 0.22038247994383212,
        "f1": 0.057272727272727274
    }
}