{
    "1": {
        "recall": 0.9033333333333333,
        "precision": 0.9033333333333333,
        "ndcg": 0.0,
        "f1": 0.9033333333333333
    },
    "3": {
        "recall": 0.9433333333333334,
        "precision": 0.3144444444444444,
        "ndcg": 0.9276976584523818,
        "f1": 0.4716666666666667
    },
    "5": {
        "recall": 0.9566666666666667,
        "precision": 0.1913333333333333,
        "ndcg": 0.9330017750516386,
        "f1": 0.31888888888888894
    },
    "10": {
        "recall": 0.9633333333333334,
        "precision": 0.09633333333333331,
        "ndcg": 0.9351644357520356,
        "f1": 0.1751515151515152
    }
}