{
    "1": {
        "recall": 0.056077185551241325,
        "precision": 0.08648076244264032,
        "ndcg": 0.0,
        "f1": 0.06504294622896811
    },
    "3": {
        "recall": 0.08994923772544668,
        "precision": 0.049770561242499116,
        "ndcg": 0.10588860043650845,
        "f1": 0.06129712739313869
    },
    "5": {
        "recall": 0.10844553140705629,
        "precision": 0.0370631839039887,
        "ndcg": 0.11183996511605897,
        "f1": 0.05320653970495128
    },
    "10": {
        "recall": 0.1284983107256316,
        "precision": 0.022626191316625483,
        "ndcg": 0.11592459730722224,
        "f1": 0.037490758239912124
    }
}