{
    "1": {
        "recall": 0.35964912280701755,
        "precision": 0.35964912280701755,
        "ndcg": 0.0,
        "f1": 0.35964912280701755
    },
    "3": {
        "recall": 0.5526315789473685,
        "precision": 0.18421052631578944,
        "ndcg": 0.47107093681078027,
        "f1": 0.27631578947368424
    },
    "5": {
        "recall": 0.6403508771929824,
        "precision": 0.12807017543859645,
        "ndcg": 0.5076963256547923,
        "f1": 0.21345029239766083
    },
    "10": {
        "recall": 0.7543859649122807,
        "precision": 0.07543859649122805,
        "ndcg": 0.5462624686087231,
        "f1": 0.13716108452950562
    }
}