{
    "1": {
        "recall": 0.08,
        "precision": 0.08,
        "ndcg": 0.0,
        "f1": 0.08
    },
    "3": {
        "recall": 0.115,
        "precision": 0.03833333333333333,
        "ndcg": 0.102082541375001,
        "f1": 0.0575
    },
    "5": {
        "recall": 0.145,
        "precision": 0.029000000000000005,
        "ndcg": 0.11390724434623152,
        "f1": 0.04833333333333334
    },
    "10": {
        "recall": 0.21,
        "precision": 0.021,
        "ndcg": 0.13430165530562962,
        "f1": 0.038181818181818185
    }
}