{
    "1": {
        "recall": 0.81,
        "precision": 0.81,
        "ndcg": 0.0,
        "f1": 0.81
    },
    "3": {
        "recall": 0.92,
        "precision": 0.30666666666666664,
        "ndcg": 0.8763472453095263,
        "f1": 0.46
    },
    "5": {
        "recall": 0.9433333333333334,
        "precision": 0.18866666666666665,
        "ndcg": 0.8861042066589798,
        "f1": 0.3144444444444445
    },
    "10": {
        "recall": 0.9633333333333334,
        "precision": 0.09633333333333331,
        "ndcg": 0.8928638041623189,
        "f1": 0.17515151515151517
    }
}