{
    "1": {
        "recall": 0.10130351469920831,
        "precision": 0.15531238969290503,
        "ndcg": 0.0,
        "f1": 0.1172549711730792
    },
    "3": {
        "recall": 0.15364244532970264,
        "precision": 0.0895399458759854,
        "ndcg": 0.1680897986015468,
        "f1": 0.10834467920595701
    },
    "5": {
        "recall": 0.16598507387423733,
        "precision": 0.060148252735615956,
        "ndcg": 0.1690172281439464,
        "f1": 0.08510020786759227
    },
    "10": {
        "recall": 0.17535088161632462,
        "precision": 0.032368513942816805,
        "ndcg": 0.169480483019133,
        "f1": 0.05327516209350059
    }
}