{
    "1": {
        "recall": 0.7456140350877193,
        "precision": 0.7456140350877193,
        "ndcg": 0.0,
        "f1": 0.7456140350877193
    },
    "3": {
        "recall": 0.9210526315789473,
        "precision": 0.30701754385964913,
        "ndcg": 0.8517094390977484,
        "f1": 0.4605263157894737
    },
    "5": {
        "recall": 0.956140350877193,
        "precision": 0.1912280701754386,
        "ndcg": 0.8656676406747398,
        "f1": 0.3187134502923977
    },
    "10": {
        "recall": 0.9824561403508771,
        "precision": 0.09824561403508772,
        "ndcg": 0.8739994670412577,
        "f1": 0.17862838915470497
    }
}