{
    "1": {
        "recall": 0.345,
        "precision": 0.345,
        "ndcg": 0.0,
        "f1": 0.345
    },
    "3": {
        "recall": 0.465,
        "precision": 0.155,
        "ndcg": 0.4167836778214311,
        "f1": 0.2325
    },
    "5": {
        "recall": 0.505,
        "precision": 0.10100000000000002,
        "ndcg": 0.4333533838817841,
        "f1": 0.16833333333333336
    },
    "10": {
        "recall": 0.565,
        "precision": 0.056499999999999995,
        "ndcg": 0.4520211690898275,
        "f1": 0.10272727272727274
    }
}