{
    "1": {
        "recall": 0.9466666666666667,
        "precision": 0.9466666666666667,
        "ndcg": 0.0,
        "f1": 0.9466666666666667
    },
    "3": {
        "recall": 0.9733333333333334,
        "precision": 0.3244444444444444,
        "ndcg": 0.9634914600952389,
        "f1": 0.4866666666666667
    },
    "5": {
        "recall": 0.9766666666666667,
        "precision": 0.1953333333333333,
        "ndcg": 0.9649270486221502,
        "f1": 0.3255555555555556
    },
    "10": {
        "recall": 0.9866666666666667,
        "precision": 0.09866666666666665,
        "ndcg": 0.9681890664446811,
        "f1": 0.1793939393939394
    }
}